id;store_id;store_name;industry_name;industry_id;attr_dir;attr_indir;attr_all;geom;lat;lon
1;76;Markant-Markt Groß Grönau;supermarket;18;155.447.605.829.285.000.000;0.0123383331200205;156.681.439.141.287;"SRID=4326;POINT(10.7395101 53.813292)";53.813.292;107.395.101
2;79;Aldi Groß Grönau;supermarket;18;0.46495489243580846630;0.0207256080169366;0.485680500452745;"SRID=4326;POINT(10.7388528 53.8138409)";538.138.409;107.388.528
3;87;EDEKA Jens;supermarket;18;453.851.492.019.430.000.000;0.00602127246864089;454.453.619.266.295;"SRID=4326;POINT(10.8312758 53.9908974)";539.908.974;108.312.758
4;102;Modehaus Heick & Schmaltz;clothing_store;24;117.063.492.063.492.000.000;0.155030554749405;132.566.547.538.433;"SRID=4326;POINT(10.6801804 53.8658785)";538.658.785;106.801.804
5;123;Netto Filiale;supermarket;18;156.835.530.881.332.000.000;0.018610187942504;158.696.549.675.583;"SRID=4326;POINT(10.862696 53.8854044)";538.854.044;10.862.696
6;142;Markant Markt Krummesse;supermarket;18;158.223.455.933.379.000.000;0.006265664160401;15.885.002.234.942;"SRID=4326;POINT(10.651128 53.779543)";53.779.543;10.651.128
7;198;famila Lübeck Wesloe;supermarket;18;555.170.020.818.875.000.000;0.0276174036186168;557.931.761.180.738;"SRID=4326;POINT(10.745709 53.8714264)";538.714.264;10.745.709
8;205;EDEKA Jens;supermarket;18;185.287.994.448.299.000.000;0.0149928392409595;186.787.278.372.396;"SRID=4326;POINT(10.88496 53.9539267)";539.539.267;1.088.496
9;214;Kaisers Highlights Travemünde, Inh. Carola Kaiser;clothing_store;24;0.07936507936507936510;4,04E+08;0.0793691154558628;"SRID=4326;POINT(10.8812109 53.961992)";53.961.992;108.812.109
10;216;COMITÉ AZUL GbR - Dominique und Torsten Liedtke;clothing_store;24;0.01984126984126984130;0.00462994596853075;0.0244712158098006;"SRID=4326;POINT(10.874163 53.9542245)";539.542.245;10.874.163
11;228;Der Herrenladen;clothing_store;24;0.63492063492063492060;0.0652735840582992;0.700194218978934;"SRID=4326;POINT(10.6902281 53.8316224)";538.316.224;106.902.281
12;275;Heinrich Kühl;clothing_store;24;0.05952380952380952380;2,44E+09;0.059548236788109;"SRID=4326;POINT(10.8523301 53.957788)";53.957.788;108.523.301
13;282;MANGO;clothing_store;24;0.33730158730158730160;0.267359226106253;0.604660813407841;"SRID=4326;POINT(10.6319399 53.8550876)";538.550.876;106.319.399
14;333;TAKKO FASHION Lübeck;clothing_store;24;0.23809523809523809520;0.00906892431681976;0.247164162412058;"SRID=4326;POINT(10.71004 53.8418)";538.418;1.071.004
15;399;PENNY Markt Märchenviertel;supermarket;18;0.68702290076335877860;0.00704704913935704;0.694069949902716;"SRID=4326;POINT(10.6274538 53.8415543)";538.415.543;106.274.538
16;402;Hawesta Werksverkauf;supermarket;18;0.09021512838306731440;0.0170020815980343;0.107217209981102;"SRID=4326;POINT(10.78763 53.88918)";5.388.918;1.078.763
17;403;Netto;supermarket;18;184.594.031.922.276.000.000;0.000830928799903934;184.677.124.802.267;"SRID=4326;POINT(10.7875179 53.8885145)";538.885.145;107.875.179
18;443;PENNY;supermarket;18;221.374.045.801.526.000.000;0.00393704567933243;22.176.775.036.946;"SRID=4326;POINT(10.9705879 53.9106734)";539.106.734;109.705.879
19;500;REWE;supermarket;18;285.218.598.195.697.000.000;0.0809718718027132;293.315.785.375.969;"SRID=4326;POINT(10.804048 53.9135287)";539.135.287;10.804.048
20;545;Druckhaus Menne GmbH;clothing_store;24;0.13888888888888888890;4,09E+09;0.138929761124574;"SRID=4326;POINT(10.629852 53.8675699)";538.675.699;10.629.852
21;599;Milano;clothing_store;24;0.01984126984126984130;0.000342134732408862;0.0201834045736787;"SRID=4326;POINT(10.6986744 53.9174438)";539.174.438;106.986.744
22;607;ALDI Lübeck-St.Lorenz;supermarket;18;0.89521165857043719640;0.0857111571224553;0.980922815692892;"SRID=4326;POINT(10.6545289 53.863404)";53.863.404;106.545.289
23;659;Stöhrmann GmbH & Co. KG;clothing_store;24;0.45634920634920634920;1,19E+07;0.456350392925252;"SRID=4326;POINT(10.6508451 53.8368415)";538.368.415;106.508.451
24;686;REWE;supermarket;18;242.192.921.582.234.000.000;0.0404858299595142;246.241.504.578.186;"SRID=4326;POINT(10.744945 53.8489632)";538.489.632;10.744.945
25;720;Lidl;supermarket;18;397.640.527.411.519.000.000;0.0464513225514606;402.285.659.666.666;"SRID=4326;POINT(10.8611437 53.9617137)";539.617.137;108.611.437
26;740;NET - Your added value discounter;supermarket;18;163.775.156.141.568.000.000;0.00654448135377733;164.429.604.276.946;"SRID=4326;POINT(10.65016 53.89128)";5.389.128;1.065.016
27;764;Laden 58;clothing_store;24;0.17857142857142857140;0.00528118257854623;0.183852611149975;"SRID=4326;POINT(10.7275 53.86588)";5.386.588;107.275
28;773;KiK Lübeck St. Gertrud;clothing_store;24;154.761.904.761.904.000.000;0.00349592401603284;155.111.497.163.508;"SRID=4326;POINT(10.7222822 53.8658891)";538.658.891;107.222.822
29;810;Penny Market;supermarket;18;108.952.116.585.704.000.000;0.0154567952395538;11.049.779.610.966;"SRID=4326;POINT(10.69043 53.84618)";5.384.618;1.069.043
30;828;ALDI;supermarket;18;0.53435114503816793890;0.0393696065712782;0.573720751609446;"SRID=4326;POINT(10.6273365 53.8570305)";538.570.305;106.273.365
31;850;Tchibo im Supermarkt;clothing_store;24;0.01984126984126984130;0.00408733521301573;0.0239286050542856;"SRID=4326;POINT(10.63792 53.88949)";5.388.949;1.063.792
32;856;TAKKO FASHION Stockelsdorf;clothing_store;24;105.158.730.158.730.000.000;0.0204264399228431;107.201.374.151.014;"SRID=4326;POINT(10.6418624 53.8892535)";538.892.535;106.418.624
33;857;KiK Stockelsdorf;clothing_store;24;0.27777777777777777780;0.0766910635137444;0.354468841291522;"SRID=4326;POINT(10.6419521 53.8893272)";538.893.272;106.419.521
34;863;JulsVintage;clothing_store;24;0.05952380952380952380;0.00196336275929071;0.0614871722831002;"SRID=4326;POINT(10.670885 53.873407)";53.873.407;10.670.885
35;907;Edeka Nötzelmann;supermarket;18;109.646.079.111.727.000.000;0.00318971926710111;109.965.051.038.438;"SRID=4326;POINT(10.7606547 53.8381031)";538.381.031;107.606.547
36;910;KiK Herrnburg;clothing_store;24;0.15873015873015873020;2,34E+08;0.158732501715063;"SRID=4326;POINT(10.7622454 53.8379311)";538.379.311;107.622.454
37;912;ALDI Herrnburg;supermarket;18;0.75641915336571825120;0.00462362976332087;0.761042783129039;"SRID=4326;POINT(10.763122 53.8378941)";538.378.941;10.763.122
38;933;Holtex - fashion from head to toe;clothing_store;24;363.095.238.095.238.000.000;0.0166062112308692;364.755.859.218.325;"SRID=4326;POINT(10.641362 53.843466)";53.843.466;10.641.362
39;936;REWE Getränkemarkt;supermarket;18;0.17349063150589868150;0.0173587951713769;0.190849426677276;"SRID=4326;POINT(10.6402581 53.8433416)";538.433.416;106.402.581
40;959;Görtz Outlet;clothing_store;24;0.63492063492063492060;0.0932515044229313;0.728172139343566;"SRID=4326;POINT(10.6877467 53.8882265)";538.882.265;106.877.467
41;987;TAKKO FASHION Lübeck;clothing_store;24;0.25793650793650793650;0.00761205357907034;0.265548561515578;"SRID=4326;POINT(10.7471918 53.8713866)";538.713.866;107.471.918
42;998;Jawoll;supermarket;18;328.938.237.335.183.000.000;0.0391760050839592;33.285.583.784.358;"SRID=4326;POINT(10.74445 53.87062)";5.387.062;1.074.445
43;1032;PENNY;supermarket;18;201.249.132.546.842.000.000;0.0495606541706848;206.205.197.963.911;"SRID=4326;POINT(10.6904127 53.8717671)";538.717.671;106.904.127
44;1061;REWE;supermarket;18;273.421.235.253.296.000.000;0.212886781953362;294.709.913.448.633;"SRID=4326;POINT(10.6699317 53.8589816)";538.589.816;106.699.317
45;1063;Lidl;supermarket;18;333.795.975.017.349.000.000;0.179550235585637;351.750.998.575.913;"SRID=4326;POINT(10.6700956 53.8590255)";538.590.255;106.700.956
46;1119;PENNY;supermarket;18;116.585.704.371.963.000.000;0.0136814278968834;117.953.847.161.652;"SRID=4326;POINT(10.6315 53.83913)";5.383.913;106.315
47;1142;Brautmoden Jelen;clothing_store;24;146.825.396.825.396.000.000;0.003802194207571;147.205.616.246.154;"SRID=4326;POINT(10.670154 53.843013)";53.843.013;10.670.154
48;1197;DSL Deutsche & Syrische Lebensmittel GmbH;supermarket;18;0.02081887578070784180;0.0174381107677998;0.0382569865485076;"SRID=4326;POINT(10.65691 53.87397)";5.387.397;1.065.691
49;1213;Globe Camp;clothing_store;24;160.714.285.714.285.000.000;0.132288609194411;173.943.146.633.727;"SRID=4326;POINT(10.6914545 53.8645515)";538.645.515;106.914.545
50;1262;Brautstudio Offenborn;clothing_store;24;202.380.952.380.952.000.000;3,83E+09;202.384.784.618.609;"SRID=4326;POINT(10.7764582 53.8799305)";538.799.305;107.764.582
51;1297;Claudia's Kids Shop;clothing_store;24;0.15873015873015873020;0.00528882864425027;0.164018987374409;"SRID=4326;POINT(10.7261837 53.863612)";53.863.612;107.261.837
52;1338;Thronfolger;clothing_store;24;0.03968253968253968250;2,87E+09;0.0397111942452176;"SRID=4326;POINT(10.6855315 53.8550552)";538.550.552;106.855.315
53;1365;EDEKA Lübeck Hbf;supermarket;18;123.525.329.632.199.000.000;0.0892038664098115;132.445.716.273.181;"SRID=4326;POINT(10.6707176 53.8672281)";538.672.281;106.707.176
54;1381;Kindersecondhand Laden;clothing_store;24;0.83333333333333333330;0.000813570999171474;0.834146904332505;"SRID=4326;POINT(10.6805055 53.8496006)";538.496.006;106.805.055
55;1412;EDEKA Krause;supermarket;18;303.261.623.872.310.000.000;0.0775432811692459;311.015.951.989.235;"SRID=4326;POINT(10.6643049 53.8571582)";538.571.582;106.643.049
56;1415;Drogerie Weinert;clothing_store;24;0.49603174603174603170;0.0181099446660763;0.514141690697822;"SRID=4326;POINT(10.6642988 53.8581165)";538.581.165;106.642.988
57;1417;Hansemarkt;supermarket;18;0.40943789035392088830;0.0256349780017361;0.435072868355657;"SRID=4326;POINT(10.6607386 53.860752)";53.860.752;106.607.386
58;1418;KiK Lübeck St. Lorenz Süd;clothing_store;24;138.888.888.888.888.000.000;0.00631785694241689;139.520.674.583.131;"SRID=4326;POINT(10.6648157 53.8576467)";538.576.467;106.648.157
59;1441;REWE;supermarket;18;234.559.333.795.975.000.000;0.00802968681080824;235.362.302.477.056;"SRID=4326;POINT(10.6777588 53.8751083)";538.751.083;106.777.588
60;1494;Markant-Markt Lübeck;supermarket;18;231.089.521.165.857.000.000;0.0128288942648277;23.237.241.059.234;"SRID=4326;POINT(10.6854898 53.897051)";53.897.051;106.854.898
61;1560;Thomas Philipps Sonderposten;supermarket;18;0.88827203331020124910;0.0877464197195514;0.976018453029753;"SRID=4326;POINT(10.8043152 53.9124996)";539.124.996;108.043.152
62;1607;EDEKA Martens;supermarket;18;168.632.893.823.733.000.000;0.0349564223040723;172.128.536.054.141;"SRID=4326;POINT(10.7313872 53.9119597)";539.119.597;107.313.872
63;1644;PENNY;supermarket;18;154.753.643.303.261.000.000;0.0562472181830882;16.037.836.512.157;"SRID=4326;POINT(10.661803 53.8692129)";538.692.129;10.661.803
64;1645;ALDI Lübeck-St.Lorenz;supermarket;18;0.95072866065232477450;0.0951978724087574;104.592.653.306.108;"SRID=4326;POINT(10.6650508 53.8719532)";538.719.532;106.650.508
65;1658;PENNY;supermarket;18;247.050.659.264.399.000.000;0.177053832846011;264.756.042.549.001;"SRID=4326;POINT(10.6660602 53.8696895)";538.696.895;106.660.602
66;1717;ALDI Lübeck-Kücknitz;supermarket;18;276.197.085.357.390.000.000;0.085712884971587;284.768.373.854.549;"SRID=4326;POINT(10.8052156 53.9143377)";539.143.377;108.052.156
67;1735;Copyshop - Druckhaus Menne GmbH;clothing_store;24;0.31746031746031746030;0.00508135625419432;0.322541673714512;"SRID=4326;POINT(10.6952884 53.8695645)";538.695.645;106.952.884
68;1794;HALLHUBER;clothing_store;24;0.19841269841269841270;0.781533817029702;0.979946515442401;"SRID=4326;POINT(10.68669 53.8685)";538.685;1.068.669
69;1811;REWE;supermarket;18;167.938.931.297.709.000.000;0.00670631347344898;168.609.562.645.055;"SRID=4326;POINT(10.7060028 53.8461237)";538.461.237;107.060.028
70;1827;éclat-Parfum;clothing_store;24;0.05952380952380952380;0.00266852829239689;0.0621923378162064;"SRID=4326;POINT(10.66407 53.87649)";5.387.649;1.066.407
71;1868;PENNY;supermarket;18;183.900.069.396.252.000.000;0.0525966969616245;189.159.739.092.415;"SRID=4326;POINT(10.86121 53.96069)";5.396.069;1.086.121
72;1894;Annett Pietsch Mode für Sie;clothing_store;24;0.03968253968253968250;0.0244845413294133;0.064167081011953;"SRID=4326;POINT(10.7202473 53.864631)";53.864.631;107.202.473
73;1896;Parfümerie Schuback;clothing_store;24;0.09920634920634920630;0.0180510543544997;0.117257403560849;"SRID=4326;POINT(10.7203382 53.8646374)";538.646.374;107.203.382
74;1912;Kleidermacher- Atelier Karina Schröder;clothing_store;24;0.01984126984126984130;0.0422689667680687;0.0621102366093385;"SRID=4326;POINT(10.6875097 53.8731679)";538.731.679;106.875.097
75;1941;PENNY;supermarket;18;103.400.416.377.515.000.000;0.0750387209752138;110.904.288.475.037;"SRID=4326;POINT(10.6368074 53.8545645)";538.545.645;106.368.074
76;1947;Orion Fachgeschäft Lübeck;clothing_store;24;0.07936507936507936510;0.113755989015919;0.193121068380998;"SRID=4326;POINT(10.6354845 53.8544157)";538.544.157;106.354.845
77;1961;Decathlon Lübeck;clothing_store;24;448.412.698.412.698.000.000;0.109767349041551;459.389.433.316.854;"SRID=4326;POINT(10.62748 53.8613)";538.613;1.062.748
78;1967;AWN Filiale Lübeck - A.W. Niemeyer;clothing_store;24;152.777.777.777.777.000.000;0.165340330880437;169.311.810.865.821;"SRID=4326;POINT(10.6295613 53.8601314)";538.601.314;106.295.613
79;2023;REWE;supermarket;18;240.804.996.530.187.000.000;0.291353383458647;269.940.334.876.052;"SRID=4326;POINT(10.7206462 53.8242034)";538.242.034;107.206.462
80;2052;Ahmed Bazar;supermarket;18;0.02081887578070784180;0.0809330812459836;0.101751957026691;"SRID=4326;POINT(10.6712413 53.8696364)";538.696.364;106.712.413
81;2070;REWE;supermarket;18;340.041.637.751.561.000.000;0.046339263245732;344.675.564.076.135;"SRID=4326;POINT(10.6812715 53.8460625)";538.460.625;106.812.715
82;2072;ColorEvolution.de;clothing_store;24;0.01984126984126984130;0.00324665264541443;0.0230879224866843;"SRID=4326;POINT(10.679197 53.846193)";53.846.193;10.679.197
83;2080;ALDI Lübeck-St.Jürgen;supermarket;18;0.88133240804996530190;0.08921133499114;0.970543743041105;"SRID=4326;POINT(10.6813368 53.8465528)";538.465.528;106.813.368
84;2104;TALLY WEiJL;clothing_store;24;0.45634920634920634920;560.655.914.707.189;60.629.083.534.211;"SRID=4326;POINT(10.6855996 53.8656139)";538.656.139;106.855.996
85;2119;Falke Strümpfe;clothing_store;24;0.21825396825396825400;0.593868272133834;0.812122240387802;"SRID=4326;POINT(10.686263 53.8657521)";538.657.521;10.686.263
86;2120;ONLY;clothing_store;24;103.174.603.174.603.000.000;0.711528387395295;174.327.441.914.133;"SRID=4326;POINT(10.6855067 53.8659613)";538.659.613;106.855.067
87;2161;REWE;supermarket;18;321.998.612.074.947.000.000;0.268314903686624;34.883.010.244.361;"SRID=4326;POINT(10.6858389 53.8659743)";538.659.743;106.858.389
88;2217;REWE;supermarket;18;235.253.296.321.998.000.000;0.00415618486116301;235.668.914.808.115;"SRID=4326;POINT(10.6386032 53.8433065)";538.433.065;106.386.032
89;2232;Beautiful Curves;clothing_store;24;0.97222222222222222220;2,25E+09;0.972244746905344;"SRID=4326;POINT(10.6980354 53.860384)";53.860.384;106.980.354
90;2285;ALDI Lübeck;supermarket;18;0.90909090909090909090;0.00504309554373739;0.914134004634646;"SRID=4326;POINT(10.6487147 53.8550662)";538.550.662;106.487.147
91;2336;Andronaco Grande Mercato;supermarket;18;637.057.598.889.659.000.000;0.0345300602172958;64.051.060.491.139;"SRID=4326;POINT(10.66682 53.86041)";5.386.041;1.066.682
92;2366;PENNY;supermarket;18;153.365.718.251.214.000.000;0.0119612140366126;154.561.839.654.876;"SRID=4326;POINT(10.6862981 53.8497483)";538.497.483;106.862.981
93;2398;petite Seconda mano;clothing_store;24;0.09920634920634920630;5,56E+09;0.0992619263441207;"SRID=4326;POINT(10.6957187 53.9150333)";539.150.333;106.957.187
94;2417;Parfümerie Schuback;clothing_store;24;0.17857142857142857140;0.0058004661868688;0.184371894758297;"SRID=4326;POINT(10.6496166 53.8874216)";538.874.216;106.496.166
95;2425;Netto City Filiale;supermarket;18;102.012.491.325.468.000.000;0.010440256367732;103.056.516.962.242;"SRID=4326;POINT(10.656779 53.8733811)";538.733.811;10.656.779
96;2461;dm-drogerie markt;supermarket;18;0.09715475364330326160;0.0789527871379987;0.176107540781302;"SRID=4326;POINT(10.7071119 53.8414469)";538.414.469;107.071.119
97;2469;KiK Lübeck;clothing_store;24;0.51587301587301587300;0.011270852653228;0.527143868526244;"SRID=4326;POINT(10.70895 53.84131)";5.384.131;1.070.895
98;2485;MATZEN Travemünde;clothing_store;24;460.317.460.317.460.000.000;0.0171492344159615;462.032.383.759.056;"SRID=4326;POINT(10.8736199 53.959117)";53.959.117;108.736.199
99;2491;For You;clothing_store;24;0.41666666666666666670;0.0898560162403356;0.506522682907002;"SRID=4326;POINT(10.8730307 53.9588508)";539.588.508;108.730.307
100;2498;EDEKA Travemarkt;supermarket;18;0.08327550312283136710;0.0609770132863946;0.144252516409226;"SRID=4326;POINT(10.8715531 53.9586702)";539.586.702;108.715.531
101;2529;Westernstore Ritter;clothing_store;24;0.19841269841269841270;0.343947149458298;0.542359847870997;"SRID=4326;POINT(10.6830386 53.8695313)";538.695.313;106.830.386
102;2554;Melanie Hein GmbH;clothing_store;24;0.83333333333333333330;0.00526723987320329;0.838600573206537;"SRID=4326;POINT(10.66625 53.84254)";5.384.254;1.066.625
103;2579;Haus der Bräute Bea-Z.;clothing_store;24;0.69444444444444444440;0.00270132225257525;0.69714576669702;"SRID=4326;POINT(10.6512478 53.8876106)";538.876.106;106.512.478
104;2601;wohnliebe Carola Lenk;clothing_store;24;0.23809523809523809520;0.0126285229098208;0.250723761005059;"SRID=4326;POINT(10.692439 53.8317168)";538.317.168;10.692.439
105;2611;KiK;clothing_store;24;0.25793650793650793650;0.0185397394041806;0.276476247340689;"SRID=4326;POINT(10.6903047 53.8325386)";538.325.386;106.903.047
106;2616;real;supermarket;18;795.281.054.823.039.000.000;0.070782835955618;802.359.338.418.601;"SRID=4326;POINT(10.6907303 53.831276)";53.831.276;106.907.303
107;2656;INTERSPORT MAURITZ;clothing_store;24;156.746.031.746.031.000.000;0.46423826568135;203.169.858.314.167;"SRID=4326;POINT(10.6878841 53.8667556)";538.667.556;106.878.841
108;2675;Boardrider;clothing_store;24;0.19841269841269841270;0.369138992759498;0.567551691172196;"SRID=4326;POINT(10.6892336 53.8665345)";538.665.345;106.892.336
109;2690;Sara Braut und Abendmoden;clothing_store;24;0.31746031746031746030;0.0100194221979814;0.327479739658299;"SRID=4326;POINT(10.7206194 53.8642451)";538.642.451;107.206.194
110;2807;Solar;clothing_store;24;0.13888888888888888890;0.312527858167895;0.451416747056783;"SRID=4326;POINT(10.6888522 53.8693923)";538.693.923;106.888.522
111;2904;REWE;supermarket;18;213.046.495.489.243.000.000;0.00546817616399307;213.593.313.105.643;"SRID=4326;POINT(10.6690116 53.9042449)";539.042.449;106.690.116
112;2908;PENNY;supermarket;18;117.973.629.424.011.000.000;0.0130545775853348;119.279.087.182.545;"SRID=4326;POINT(10.6736527 53.9056671)";539.056.671;106.736.527
113;2918;Netto Stockelsdorf;supermarket;18;0.01387925052047189450;0.000552852720035382;0.0144321032405073;"SRID=4326;POINT(10.6594381 53.9010717)";539.010.717;106.594.381
114;2925;REWE;supermarket;18;294.240.111.034.004.000.000;0.226354675916863;31.687.557.862.569;"SRID=4326;POINT(10.684635 53.8649105)";538.649.105;10.684.635
115;2985;NORMA Filiale;supermarket;18;173.490.631.505.898.000.000;0.0572661626661253;179.217.247.772.511;"SRID=4326;POINT(10.7074689 53.8426717)";538.426.717;107.074.689
116;3004;O! mein Outlet Christina Bährens;clothing_store;24;0.25793650793650793650;0.111958958496598;0.369895466433106;"SRID=4326;POINT(10.6899042 53.8865329)";538.865.329;106.899.042
117;3012;Holtex - fashion from head to toe;clothing_store;24;835.317.460.317.460.000.000;0.029577601710417;838.275.220.488.502;"SRID=4326;POINT(10.6881469 53.8859895)";538.859.895;106.881.469
118;3024;BUDNI Drogeriemarkt;clothing_store;24;0.39682539682539682540;2,16E+09;0.396846995898829;"SRID=4326;POINT(10.70852 53.8748565)";538.748.565;1.070.852
119;3046;AUST Fashion Lübeck;clothing_store;24;0.05952380952380952380;0.323253463782963;0.382777273306773;"SRID=4326;POINT(10.6894553 53.865536)";53.865.536;106.894.553
120;3055;Hirtreiter&Herzberg;clothing_store;24;0.05952380952380952380;0.34975219212938;0.40927600165319;"SRID=4326;POINT(10.6893815 53.8657443)";538.657.443;106.893.815
121;3067;Studio RENA - Kosmetikinstitut;clothing_store;24;0.07936507936507936510;0.357277430325191;0.43664250969027;"SRID=4326;POINT(10.6904827 53.8654103)";538.654.103;106.904.827
122;3068;Elfenreich;clothing_store;24;0.13888888888888888890;0.873650818098236;101.253.970.698.712;"SRID=4326;POINT(10.6905556 53.8655556)";538.655.556;106.905.556
123;3070;Vintage Vogue - Retro Boutique;clothing_store;24;321.428.571.428.571.000.000;0.257274667952076;347.156.038.223.779;"SRID=4326;POINT(10.6905782 53.8655769)";538.655.769;106.905.782
124;3093;Mix Markt 96 | Russian, Polish, Romanian food;supermarket;18;299.097.848.716.169.000.000;0.0107756686679262;300.175.415.582.962;"SRID=4326;POINT(10.6624241 53.8532684)";538.532.684;106.624.241
125;3096;Schnäppchen-Markt Im Mix Markt;supermarket;18;0.00693962526023594730;0.0926310692554723;0.0995706945157082;"SRID=4326;POINT(10.6628085 53.8532698)";538.532.698;106.628.085
126;3103;Tchibo im Supermarkt famila;supermarket;18;0.00693962526023594730;0.982044233474291;0.988983858734527;"SRID=4326;POINT(10.80734 53.90171)";5.390.171;1.080.734
127;3104;famila Lübeck Kücknitz;supermarket;18;419.153.365.718.251.000.000;0.00594205459673334;419.747.571.177.925;"SRID=4326;POINT(10.80736 53.901722)";53.901.722;1.080.736
128;3130;TraveAntik - Dennis Suitner e.K. - Filiale Travemünde;clothing_store;24;0.07936507936507936510;0.0325827930326774;0.111947872397757;"SRID=4326;POINT(10.8701219 53.958941)";53.958.941;108.701.219
129;3164;KiK Lübeck;clothing_store;24;158.730.158.730.158.000.000;0.0989889941257638;168.629.058.142.735;"SRID=4326;POINT(10.6854144 53.8868686)";538.868.686;106.854.144
130;3168;Ernsting's family;clothing_store;24;0.07936507936507936510;0.181905130302585;0.261270209667665;"SRID=4326;POINT(10.6864608 53.8874989)";538.874.989;106.864.608
131;3173;bonprix Outlet Lübeck;clothing_store;24;277.777.777.777.777.000.000;0.109087290953442;288.686.506.873.122;"SRID=4326;POINT(10.6866364 53.8878302)";538.878.302;106.866.364
132;3180;Lidl;supermarket;18;321.304.649.548.924.000.000;0.0528104319600631;326.585.692.744.931;"SRID=4326;POINT(10.6865725 53.8887766)";538.887.766;106.865.725
133;3224;Parfümerie Schuback;clothing_store;24;0.27777777777777777780;0.0514457778963949;0.329223555674173;"SRID=4326;POINT(10.8699123 53.9572564)";539.572.564;108.699.123
134;3262;NORMA Filiale;supermarket;18;136.710.617.626.648.000.000;0.0174174279332606;138.452.360.419.974;"SRID=4326;POINT(10.6865828 53.8976004)";538.976.004;106.865.828
135;3330;Lidl;supermarket;18;490.631.505.898.681.000.000;0.000249114748689148;49.065.641.737.355;"SRID=4326;POINT(10.6582266 53.8813135)";538.813.135;106.582.266
136;3333;SPAR Express;supermarket;18;0.01387925052047189450;0.0880620636616138;0.101941314182086;"SRID=4326;POINT(10.6582701 53.88165)";5.388.165;106.582.701
137;3383;Vintage Vogue - Onlineshop;clothing_store;24;0.03968253968253968250;0.00964878353446405;0.0493313232170037;"SRID=4326;POINT(10.6801886 53.8790165)";538.790.165;106.801.886
138;3404;Arleol First Class second Hand;clothing_store;24;0.17857142857142857140;0.29485784693334;0.473429275504769;"SRID=4326;POINT(10.6882562 53.8650432)";538.650.432;106.882.562
139;3420;Armoni-Cekirge-Mode GmbH;clothing_store;24;0.03968253968253968250;0.400210555266634;0.439893094949174;"SRID=4326;POINT(10.6867408 53.8651779)";538.651.779;106.867.408
140;3422;Hochzeits-Oase Braut- und Abendmoden;clothing_store;24;0.37698412698412698410;8,47E+09;0.377068814339451;"SRID=4326;POINT(10.7144511 53.8701033)";538.701.033;107.144.511
141;3444;Penny Market;supermarket;18;167.244.968.771.686.000.000;0.0185690155026801;169.101.870.321.954;"SRID=4326;POINT(10.6516422 53.8619288)";538.619.288;106.516.422
142;3449;Lidl;supermarket;18;371.269.951.422.623.000.000;0.0320013591677561;374.470.087.339.399;"SRID=4326;POINT(10.6539978 53.863105)";53.863.105;106.539.978
143;3453;KiK Lübeck St. Lorenz Nord;clothing_store;24;0.33730158730158730160;0.000796529522406394;0.338098116823994;"SRID=4326;POINT(10.65496 53.8635496)";538.635.496;1.065.496
144;3613;REWE;supermarket;18;0.96460791117279666900;0.14674327346442;111.135.118.463.722;"SRID=4326;POINT(10.6863457 53.8630264)";538.630.264;106.863.457
145;3681;HPM Hanseatische Premium Marken Vertriebsgesellschaft mbH;supermarket;18;0.00693962526023594730;0.000303474429743176;0.00724309968997912;"SRID=4326;POINT(10.6710649 53.8456142)";538.456.142;106.710.649
146;3791;TraveAntik Dennis Suitner e.K. - Antik, Kunst, Juwelier, Goldankauf;clothing_store;24;0.13888888888888888890;0.335851775998382;0.474740664887271;"SRID=4326;POINT(10.687936 53.869858)";53.869.858;10.687.936
147;3813;Lidl;supermarket;18;399.028.452.463.566.000.000;0.212773964126674;420.305.848.876.234;"SRID=4326;POINT(10.7215118 53.8649414)";538.649.414;107.215.118
148;3968;Harley-Davidson Vertragshändler Lübeck - House Of Thunder American Bikes GmbH;clothing_store;24;186.507.936.507.936.000.000;0.000177342399921795;186.525.670.747.929;"SRID=4326;POINT(10.6113889 53.8677778)";538.677.778;106.113.889
149;4020;Angeln und Meh/er GmbH;clothing_store;24;283.730.158.730.158.000.000;0.00807797999811392;28.453.795.672.997;"SRID=4326;POINT(10.6730757 53.8803497)";538.803.497;106.730.757
150;4021;Ernsting's family;clothing_store;24;0.41666666666666666670;0.0147442940210436;0.43141096068771;"SRID=4326;POINT(10.86573 53.95639)";5.395.639;1.086.573
151;4027;Karl-Heinz Bier-Niemeyer;clothing_store;24;0.03968253968253968250;0.0250786310400059;0.0647611707225456;"SRID=4326;POINT(10.866774 53.9564988)";539.564.988;10.866.774
152;4043;REWE;supermarket;18;241.498.959.056.210.000.000;0.0118239146252729;242.681.350.518.738;"SRID=4326;POINT(10.7079096 53.892057)";53.892.057;107.079.096
153;4099;Netto City Filiale;supermarket;18;0.86051353226925746010;0.00450506431367675;0.865018596582934;"SRID=4326;POINT(10.6995888 53.8600904)";538.600.904;106.995.888
154;4107;Happiness Lübeck;clothing_store;24;0.01984126984126984130;0.142869501459059;0.162710771300329;"SRID=4326;POINT(10.681526 53.8643062)";538.643.062;10.681.526
155;4109;Netto City Filiale;supermarket;18;226.925.746.009.715.000.000;0.0153861142938732;228.464.357.439.103;"SRID=4326;POINT(10.6730938 53.863367)";53.863.367;106.730.938
156;4121;star Tankstelle;supermarket;18;145.732.130.464.954.000.000;0.00662609242435829;146.394.739.707.391;"SRID=4326;POINT(10.7130001 53.8638929)";538.638.929;107.130.001
157;4162;Schuback GmbH (Zentrale);clothing_store;24;0.05952380952380952380;0.0002305776584004;0.0597543871822099;"SRID=4326;POINT(10.7444394 53.8637991)";538.637.991;107.444.394
158;4241;T•K• Maxx;clothing_store;24;160.714.285.714.285.000.000;0.547167895208332;215.431.075.235.119;"SRID=4326;POINT(10.6867157 53.8661476)";538.661.476;106.867.157
159;4246;Parfümerie Schuback;clothing_store;24;0.33730158730158730160;0.594427819010495;0.931729406312083;"SRID=4326;POINT(10.6868164 53.8662942)";538.662.942;106.868.164
160;4263;Scandic way of life;clothing_store;24;0.39682539682539682540;297.213.450.317.111;336.895.989.999.651;"SRID=4326;POINT(10.6856728 53.8662008)";538.662.008;106.856.728
161;4276;Angelique Superstore;clothing_store;24;0.07936507936507936510;0.861549692066459;0.940914771431538;"SRID=4326;POINT(10.6855786 53.8661196)";538.661.196;106.855.786
162;4321;Neue Liebe;clothing_store;24;0.01984126984126984130;0.0386911881239015;0.0585324579651713;"SRID=4326;POINT(10.6881852 53.861499)";53.861.499;106.881.852
163;4366;Thomas Philipps Sonderpostenmarkt;supermarket;18;0.01387925052047189450;0.110357287367667;0.124236537888139;"SRID=4326;POINT(10.8041053 53.9124165)";539.124.165;108.041.053
164;4402;Manchester-Große GmbH;clothing_store;24;109.126.984.126.984.000.000;0.480287879414878;157.155.772.068.472;"SRID=4326;POINT(10.686929 53.8657384)";538.657.384;10.686.929
165;4414;CALIDA Store;clothing_store;24;0.03968253968253968250;0.572810684851084;0.612493224533623;"SRID=4326;POINT(10.6864485 53.8657236)";538.657.236;106.864.485
166;4416;Männersache;clothing_store;24;0.19841269841269841270;0.577167962228806;0.775580660641505;"SRID=4326;POINT(10.6866151 53.8658738)";538.658.738;106.866.151
167;4427;Your Style- Man Store;clothing_store;24;0.07936507936507936510;0.605189251513703;0.684554330878782;"SRID=4326;POINT(10.6864611 53.8659488)";538.659.488;106.864.611
168;4428;memo mode;clothing_store;24;0.01984126984126984130;0.642513366273787;0.662354636115056;"SRID=4326;POINT(10.6866704 53.8660458)";538.660.458;106.866.704
169;4463;Marc O'Polo;clothing_store;24;0.33730158730158730160;0.331421545739833;0.668723133041421;"SRID=4326;POINT(10.6862689 53.8646648)";538.646.648;106.862.689
170;4473;Geoffrey - Mode - Birgit Gotthard-Busch e.K.;clothing_store;24;0.09920634920634920630;0.424745268690223;0.523951617896573;"SRID=4326;POINT(10.6866962 53.8652944)";538.652.944;106.866.962
171;4488;KiK Lübeck;clothing_store;24;192.460.317.460.317.000.000;5,76E+09;192.466.077.298.206;"SRID=4326;POINT(10.8589862 53.9622416)";539.622.416;108.589.862
172;4503;Hüseyin Kubat ÖZKA Supermarkt;supermarket;18;0.20124913254684247050;0.183384776748629;0.384633909295472;"SRID=4326;POINT(10.6886105 53.8679312)";538.679.312;106.886.105
173;4513;Schöner Schwanger;clothing_store;24;0.51587301587301587300;0.434322634927877;0.950195650800893;"SRID=4326;POINT(10.6879992 53.86757)";5.386.757;106.879.992
174;4545;Romeo & Julia Factory;clothing_store;24;0.05952380952380952380;0.451471202063703;0.510995011587513;"SRID=4326;POINT(10.6876433 53.8660528)";538.660.528;106.876.433
175;4551;CLASSICO Lübeck;clothing_store;24;0.11904761904761904760;0.54117585043163;0.660223469479249;"SRID=4326;POINT(10.687309 53.8663598)";538.663.598;10.687.309
176;4559;Schuh Hoffmann GmbH;clothing_store;24;0.13888888888888888890;0.389177088321641;0.52806597721053;"SRID=4326;POINT(10.6883976 53.8661224)";538.661.224;106.883.976
177;4561;WERDIN next generation;clothing_store;24;0.53571428571428571430;0.52902090295571;106.473.518.867;"SRID=4326;POINT(10.6870237 53.8659736)";538.659.736;106.870.237
178;4577;Daphne & Josephine;clothing_store;24;0.11904761904761904760;0.470148441328379;0.589196060375998;"SRID=4326;POINT(10.6881789 53.8666801)";538.666.801;106.881.789
179;4583;bugatti Store Lübeck;clothing_store;24;0.21825396825396825400;0.556467746469188;0.774721714723157;"SRID=4326;POINT(10.68716 53.866775)";53.866.775;1.068.716
180;4600;ella dessous;clothing_store;24;0.03968253968253968250;0.56495587014978;0.60463840983232;"SRID=4326;POINT(10.6875351 53.8668024)";538.668.024;106.875.351
181;4603;KARSTADT Lübeck;clothing_store;24;0.01984126984126984130;0.582829256524981;0.602670526366251;"SRID=4326;POINT(10.6871596 53.8672225)";538.672.225;106.871.596
182;4605;24COLOURS;clothing_store;24;0.11904761904761904760;0.541845366997531;0.660892986045151;"SRID=4326;POINT(10.6874281 53.8666527)";538.666.527;106.874.281
183;4609;Maren Hesse Naturstoffe;clothing_store;24;0.05952380952380952380;0.575759427653207;0.635283237177016;"SRID=4326;POINT(10.6868595 53.8665411)";538.665.411;106.868.595
184;4610;MAVALA-Counter im Hause Karstadt;clothing_store;24;0.01984126984126984130;0.58348463982737;0.60332590966864;"SRID=4326;POINT(10.6871601 53.8672647)";538.672.647;106.871.601
185;4623;Trekking King - Where the adventure begins;clothing_store;24;0.41666666666666666670;0.528481206578637;0.945147873245303;"SRID=4326;POINT(10.6872648 53.8664448)";538.664.448;106.872.648
186;4627;Boutique Armoni;clothing_store;24;0.11904761904761904760;0.65144233813925;0.770489957186869;"SRID=4326;POINT(10.6862491 53.8666098)";538.666.098;106.862.491
187;4636;Geox Shop Lübeck;clothing_store;24;0.17857142857142857140;0.920831098523543;109.940.252.709.497;"SRID=4326;POINT(10.6860374 53.8671003)";538.671.003;106.860.374
188;4703;Second Hand Noel;clothing_store;24;0.09920634920634920630;0.29503376545917;0.39424011466552;"SRID=4326;POINT(10.690071 53.8663459)";538.663.459;10.690.071
189;4707;Modeatelier Margrit Edelhoff;clothing_store;24;0.03968253968253968250;0.250163817120146;0.289846356802685;"SRID=4326;POINT(10.6908844 53.8663896)";538.663.896;106.908.844
190;4729;Kinderstübchen GmbH;clothing_store;24;0.03968253968253968250;0.347631808860986;0.387314348543525;"SRID=4326;POINT(10.6892551 53.8658818)";538.658.818;106.892.551
191;4734;Freistil;clothing_store;24;0.05952380952380952380;0.406978236604631;0.46650204612844;"SRID=4326;POINT(10.688356 53.8660631)";538.660.631;10.688.356
192;4735;Figura Dessous;clothing_store;24;0.13888888888888888890;0.341432888121114;0.480321777010003;"SRID=4326;POINT(10.689247 53.865818)";53.865.818;10.689.247
193;4743;Hirtreiter&Herzberg;clothing_store;24;0.01984126984126984130;0.412971870425585;0.432813140266855;"SRID=4326;POINT(10.6883651 53.8658672)";538.658.672;106.883.651
194;4744;Spindler Jochen Modern Line;clothing_store;24;0.05952380952380952380;0.3812258382065;0.44074964773031;"SRID=4326;POINT(10.6883651 53.8658672)";538.658.672;106.883.651
195;4755;Modefachgeschäft Lars Kewitz The Fashion Room;clothing_store;24;0.29761904761904761900;0.327350258315711;0.624969305934759;"SRID=4326;POINT(10.6892862 53.865666)";53.865.666;106.892.862
196;4758;Nadel u Faden;clothing_store;24;0.33730158730158730160;0.318363016181456;0.655664603483044;"SRID=4326;POINT(10.6896837 53.8657716)";538.657.716;106.896.837
197;4765;Wo-anders;clothing_store;24;198.412.698.412.698.000.000;0.219415662717404;220.354.264.684.439;"SRID=4326;POINT(10.6826275 53.8698408)";538.698.408;106.826.275
198;4789;Bella Moda;clothing_store;24;0.01984126984126984130;0.0902216236350696;0.110062893476339;"SRID=4326;POINT(10.8706767 53.9577574)";539.577.574;108.706.767
199;4791;First B Store Travemünde;clothing_store;24;0.49603174603174603170;0.040768095948952;0.536799841980698;"SRID=4326;POINT(10.870737 53.957808)";53.957.808;10.870.737
200;4798;Trend Collection;clothing_store;24;0.03968253968253968250;0.0723315478145935;0.112014087497133;"SRID=4326;POINT(10.8698389 53.9571514)";539.571.514;108.698.389
201;4812;Wind Sportswear;clothing_store;24;0.13888888888888888890;0.0550627446482099;0.193951633537099;"SRID=4326;POINT(10.8705449 53.9576062)";539.576.062;108.705.449
202;4850;Otto;clothing_store;24;0.39682539682539682540;0.0144236527860956;0.411249049611492;"SRID=4326;POINT(10.6717825 53.8696541)";538.696.541;106.717.825
203;4963;La Sala;clothing_store;24;0.01984126984126984130;0.135681348466552;0.155522618307822;"SRID=4326;POINT(10.8732038 53.9588915)";539.588.915;108.732.038
204;5041;Mountain Warehouse;clothing_store;24;0.31746031746031746030;102.037.575.766.933;133.783.607.512.964;"SRID=4326;POINT(10.6867939 53.8683653)";538.683.653;106.867.939
205;5044;H&M;clothing_store;24;482.142.857.142.857.000.000;0.510347792575486;533.177.636.400.406;"SRID=4326;POINT(10.6867141 53.8683909)";538.683.909;106.867.141
206;5047;Ernsting's family;clothing_store;24;0.43650793650793650790;0.700365257573543;113.687.319.408.148;"SRID=4326;POINT(10.6868802 53.8684927)";538.684.927;106.868.802
207;5078;RUNNERS POINT;clothing_store;24;0.83333333333333333330;0.53169116643458;136.502.449.976.791;"SRID=4326;POINT(10.6861756 53.8683387)";538.683.387;106.861.756
208;5091;OSTERBURG fashion + accessoires oHG;clothing_store;24;0.09920634920634920630;0.0652078274531869;0.164414176659536;"SRID=4326;POINT(10.8689323 53.9567864)";539.567.864;108.689.323
209;5102;C&A;clothing_store;24;759.920.634.920.634.000.000;0.461321645967595;806.052.799.517.394;"SRID=4326;POINT(10.6865204 53.8674344)";538.674.344;106.865.204
210;5110;dm-drogerie markt;supermarket;18;0.05551700208188757810;0.293779944033704;0.349296946115591;"SRID=4326;POINT(10.6871242 53.8677409)";538.677.409;106.871.242
211;5117;EDEKA zcan;supermarket;18;130.464.954.892.435.000.000;0.28253821940394;15.871.877.683.283;"SRID=4326;POINT(10.6871242 53.8678168)";538.678.168;106.871.242
212;5120;KRISS Sweden;clothing_store;24;0.01984126984126984130;0.604296869999434;0.624138139840704;"SRID=4326;POINT(10.6870612 53.867293)";53.867.293;106.870.612
213;5125;HOLD Store Travemünde;clothing_store;24;0.05952380952380952380;0.0701625665436907;0.1296863760675;"SRID=4326;POINT(10.869103 53.956847)";53.956.847;10.869.103
214;5127;Modebasar;clothing_store;24;0.03968253968253968250;0.250729010142752;0.290411549825291;"SRID=4326;POINT(10.8695565 53.9570199)";539.570.199;108.695.565
215;5162;VERO MODA;clothing_store;24;0.17857142857142857140;0.602990090461315;0.781561519032744;"SRID=4326;POINT(10.6867386 53.8689344)";538.689.344;106.867.386
216;5170;Zara;clothing_store;24;644.841.269.841.269.000.000;0.456669486187265;690.508.218.459.996;"SRID=4326;POINT(10.6872537 53.8689384)";538.689.384;106.872.537
217;5174;REWE;supermarket;18;417.765.440.666.204.000.000;0.128022409684617;430.567.681.634.666;"SRID=4326;POINT(10.686692 53.869415)";53.869.415;10.686.692
218;5177;GERRY WEBER;clothing_store;24;0.05952380952380952380;0.903178996515115;0.962702806038925;"SRID=4326;POINT(10.68617 53.86836)";5.386.836;1.068.617
219;5181;Görtz Schuhe;clothing_store;24;184.523.809.523.809.000.000;0.621065319364211;246.630.341.460.231;"SRID=4326;POINT(10.6859336 53.8668438)";538.668.438;106.859.336
220;5182;BONITA Lübeck;clothing_store;24;0.03968253968253968250;0.803860959823882;0.843543499506422;"SRID=4326;POINT(10.6858414 53.8667535)";538.667.535;106.858.414
221;5183;dm-drogerie markt;supermarket;18;0.49965301873698820260;0.197689846058548;0.697342864795536;"SRID=4326;POINT(10.6858924 53.8667305)";538.667.305;106.858.924
222;5184;Tchibo shop with coffee bar;clothing_store;24;257.936.507.936.507.000.000;0.662011765390763;324.137.684.475.584;"SRID=4326;POINT(10.6859786 53.8670553)";538.670.553;106.859.786
223;5189;sigikid Shop Lübeck;clothing_store;24;0.19841269841269841270;0.685958648988268;0.884371347400967;"SRID=4326;POINT(10.6859626 53.86661)";5.386.661;106.859.626
224;5201;Betty Barclay Store;clothing_store;24;0.11904761904761904760;0.774038192242318;0.893085811289937;"SRID=4326;POINT(10.6851991 53.866171)";53.866.171;106.851.991
225;5202;Wellensteyn Store Lübeck PERFECT TRADING GmbH;clothing_store;24;200.396.825.396.825.000.000;0.596683077112786;260.065.133.108.104;"SRID=4326;POINT(10.6849158 53.866141)";53.866.141;106.849.158
226;5210;Parfümerie Douglas Lübeck;clothing_store;24;293.650.793.650.793.000.000;0.940388441149707;387.689.637.765.764;"SRID=4326;POINT(10.6856728 53.8662008)";538.662.008;106.856.728
227;5232;NEW YORKER;clothing_store;24;628.968.253.968.253.000.000;0.939892410866475;722.957.495.054.901;"SRID=4326;POINT(10.6855996 53.8656139)";538.656.139;106.855.996
228;5234;KiK Lübeck;clothing_store;24;0.21825396825396825400;145.904.791.010.535;167.730.187.835.932;"SRID=4326;POINT(10.6855356 53.8655925)";538.655.925;106.855.356
229;5242;ALDI Lübeck;supermarket;18;139.486.467.730.742.000.000;0.00499349317848242;139.985.817.048.591;"SRID=4326;POINT(10.6333605 53.8448903)";538.448.903;106.333.605
230;5260;Action Lübeck-Buntekuh;supermarket;18;526.717.557.251.908.000.000;0.719552035933895;598.672.760.845.298;"SRID=4326;POINT(10.6342926 53.8539661)";538.539.661;106.342.926
231;5293;Zhine;clothing_store;24;0.35714285714285714290;0.359863113051559;0.717005970194416;"SRID=4326;POINT(10.687957 53.869707)";53.869.707;10.687.957
232;5308;TOM TAILOR Store;clothing_store;24;184.523.809.523.809.000.000;0.414800891018761;226.003.898.625.686;"SRID=4326;POINT(10.6876341 53.8693524)";538.693.524;106.876.341
233;5313;Ulla Popken;clothing_store;24;0.83333333333333333330;0.323277187478194;115.661.052.081.153;"SRID=4326;POINT(10.6875177 53.8698737)";538.698.737;106.875.177
234;5319;Hans Frick GmbH;clothing_store;24;0.45634920634920634920;0.3653969732774;0.821746179626607;"SRID=4326;POINT(10.687278 53.8697462)";538.697.462;10.687.278
235;5332;ALDI Lübeck-St.Gertrud;supermarket;18;0.52047189451769604440;0.0911906240013496;0.611662518519046;"SRID=4326;POINT(10.7447076 53.8711845)";538.711.845;107.447.076
236;5361;Hunkemöller;clothing_store;24;0.57539682539682539680;0.626173104810975;12.015.699.302.078;"SRID=4326;POINT(10.6874963 53.8690599)";538.690.599;106.874.963
237;5365;tredy Fashion GmbH;clothing_store;24;0.27777777777777777780;100.987.033.383.911;128.764.811.161.689;"SRID=4326;POINT(10.68717 53.86889)";5.386.889;1.068.717
238;5376;Laden 15;clothing_store;24;0.19841269841269841270;0.355688058517092;0.554100756929791;"SRID=4326;POINT(10.6886232 53.8691307)";538.691.307;106.886.232
239;5399;REWE;supermarket;18;298.403.886.190.145.000.000;0.0138860715611364;299.792.493.346.259;"SRID=4326;POINT(10.6980887 53.8494769)";538.494.769;106.980.887
240;5409;star Tankstelle;supermarket;18;0.89521165857043719640;0.0229325757015091;0.918144234271946;"SRID=4326;POINT(10.678881 53.8421431)";538.421.431;10.678.881
241;5455;Douglas;clothing_store;24;246.031.746.031.746.000.000;24.625.788.389.584;492.289.629.927.586;"SRID=4326;POINT(10.628448 53.8578701)";538.578.701;10.628.448
242;5467;Schuhkay Comfort;clothing_store;24;0.13888888888888888890;420.526.788.535.396;434.415.677.424.285;"SRID=4326;POINT(10.6282081 53.8578249)";538.578.249;106.282.081
243;5468;CITTI Lubeck;supermarket;18;0.30534351145038167940;158.132.933.029.137;188.667.284.174.175;"SRID=4326;POINT(10.6282081 53.8578249)";538.578.249;106.282.081
244;5471;Tommy Hilfiger Store;clothing_store;24;0.95238095238095238100;355.447.422.486.273;450.685.517.724.368;"SRID=4326;POINT(10.6282081 53.8578249)";538.578.249;106.282.081
245;5472;Esprit Store Lübeck;clothing_store;24;134.920.634.920.634.000.000;323.701.390.267.189;458.622.025.187.823;"SRID=4326;POINT(10.6282081 53.8578249)";538.578.249;106.282.081
246;5476;Street One Jens Petersen GmbH;clothing_store;24;0.07936507936507936510;425.288.693.368.259;433.225.201.304.767;"SRID=4326;POINT(10.6282081 53.8578249)";538.578.249;106.282.081
247;5486;CB Fashion in CITTI Park;clothing_store;24;996.031.746.031.746.000.000;355.557.262.038.997;135.158.900.807.074;"SRID=4326;POINT(10.6276669 53.85823)";5.385.823;106.276.669
248;5491;dm-drogerie markt;supermarket;18;0.10409437890353920890;0.26387041217702;0.367964791080559;"SRID=4326;POINT(10.6282081 53.8578249)";538.578.249;106.282.081
249;5507;G-Star RAW Store;clothing_store;24;0.71428571428571428570;343.185.081.241.759;414.613.652.670.331;"SRID=4326;POINT(10.628448 53.8578701)";538.578.701;10.628.448
250;5508;Sneaxs;clothing_store;24;0.47619047619047619050;404.988.044.991.262;45.260.709.261.031;"SRID=4326;POINT(10.628448 53.8578701)";538.578.701;10.628.448
251;5517;Hunkemöller;clothing_store;24;121.031.746.031.746.000.000;334.812.501.543.868;455.844.247.575.614;"SRID=4326;POINT(10.6282081 53.8578249)";538.578.249;106.282.081
252;5595;Jack Wolfskin Store;clothing_store;24;103.174.603.174.603.000.000;0.485277588153373;151.702.361.989.941;"SRID=4326;POINT(10.687664 53.867025)";53.867.025;10.687.664
253;5681;druckforyu;clothing_store;24;0.69444444444444444440;0.235338577599635;0.92978302204408;"SRID=4326;POINT(10.6901744 53.8649172)";538.649.172;106.901.744
254;5707;Netto Filiale;supermarket;18;0.43719639139486467730;0.00176361330880646;0.438960004703671;"SRID=4326;POINT(10.8159417 53.9203458)";539.203.458;108.159.417
255;5720;Lidl;supermarket;18;379.597.501.734.906.000.000;0.0606490016976991;385.662.401.904.676;"SRID=4326;POINT(10.8064608 53.9147477)";539.147.477;108.064.608
256;5853;Herzog & Bräuer LUV SHOPPING Einkaufszentrum;clothing_store;24;0.01984126984126984130;0.876367984536971;0.89620925437824;"SRID=4326;POINT(10.7344334 53.9120826)";539.120.826;107.344.334
257;5858;Tchibo Prozente mit Kaffee Bar;clothing_store;24;392.857.142.857.142.000.000;0.497813457804484;442.638.488.637.591;"SRID=4326;POINT(10.7343464 53.9120788)";539.120.788;107.343.464
258;5861;REWE;supermarket;18;480.222.068.008.327.000.000;0.153134492019044;495.535.517.210.232;"SRID=4326;POINT(10.6668495 53.869736)";53.869.736;106.668.495
259;5870;BUDNI Drogeriemarkt;clothing_store;24;0.33730158730158730160;0.00435127560045786;0.341652862902045;"SRID=4326;POINT(10.6660953 53.8700753)";538.700.753;106.660.953
260;5872;dm-drogerie markt;supermarket;18;0.21512838306731436500;0.13873695919411;0.353865342261424;"SRID=4326;POINT(10.667444 53.8704954)";538.704.954;10.667.444
261;5878;E center Lübeck;supermarket;18;615.544.760.582.928.000.000;0.106204314287655;626.165.192.011.694;"SRID=4326;POINT(10.6659812 53.8711285)";538.711.285;106.659.812
262;5887;famila Lübeck, Schwartauer Landstr.;supermarket;18;492.713.393.476.752.000.000;0.0436764139803994;497.081.034.874.792;"SRID=4326;POINT(10.686293 53.887812)";53.887.812;10.686.293
263;5903;Christian Beutin GmbH & Co. KG;clothing_store;24;0.07936507936507936510;0.533639581817678;0.613004661182757;"SRID=4326;POINT(10.7341625 53.9119693)";539.119.693;107.341.625
264;5905;IN CB in LUV Shopping;clothing_store;24;168.650.793.650.793.000.000;0.29664998509982;198.315.792.160.776;"SRID=4326;POINT(10.7339539 53.9118301)";539.118.301;107.339.539
265;5906;Parfümerie Schuback;clothing_store;24;0.19841269841269841270;0.277949877473665;0.476362575886363;"SRID=4326;POINT(10.7335842 53.911979)";53.911.979;107.335.842
266;5907;Görtz Schuhe;clothing_store;24;236.111.111.111.111.000.000;124.379.168.008.171;360.490.279.119.283;"SRID=4326;POINT(10.7342189 53.9121829)";539.121.829;107.342.189
267;5917;BabyOne - The big baby stores;clothing_store;24;0.59523809523809523810;0.306092350572579;0.901330445810675;"SRID=4326;POINT(10.7339178 53.9117176)";539.117.176;107.339.178
268;5959;Boutique Zweite Hand, Sylvia Partzanka;clothing_store;24;0.07936507936507936510;2,68E+08;0.079391849293976;"SRID=4326;POINT(10.79927 53.88779)";5.388.779;1.079.927
269;5989;ALDI Lübeck-Zentrum;supermarket;18;192.921.582.234.559.000.000;0.0182041140998755;194.741.993.644.547;"SRID=4326;POINT(10.6953943 53.8686153)";538.686.153;106.953.943
270;6021;Bereket Market;supermarket;18;0.13879250520471894520;0.00711081177731085;0.14590331698203;"SRID=4326;POINT(10.67559 53.87263)";5.387.263;1.067.559
271;6059;ALDI Lübeck-St.Lorenz;supermarket;18;161.693.268.563.497.000.000;0.0663748784022682;168.330.756.403.724;"SRID=4326;POINT(10.6654263 53.8565203)";538.565.203;106.654.263
272;6076;E neukauf Märkl;supermarket;18;295.628.036.086.051.000.000;0.0922105008835202;304.849.086.174.403;"SRID=4326;POINT(10.7090035 53.8405875)";538.405.875;107.090.035
273;6080;ALDI Lübeck;supermarket;18;154.753.643.303.261.000.000;0.101296159250538;164.883.259.228.315;"SRID=4326;POINT(10.7076654 53.8410265)";538.410.265;107.076.654
274;6120;myToys Filiale Lübeck;clothing_store;24;0.59523809523809523810;140.826.703.202.813;200.350.512.726.622;"SRID=4326;POINT(10.6855211 53.8656279)";538.656.279;106.855.211
275;6140;Lidl;supermarket;18;284.524.635.669.673.000.000;0.0559189230965132;290.116.527.979.325;"SRID=4326;POINT(10.7112416 53.8412903)";538.412.903;107.112.416
276;6146;Elara Mode;clothing_store;24;0.41666666666666666670;0.38273323174048;0.799399898407147;"SRID=4326;POINT(10.6825392 53.8665166)";538.665.166;106.825.392
277;6153;Süleyman Senocak Tween;clothing_store;24;0.07936507936507936510;0.290087240958383;0.369452320323463;"SRID=4326;POINT(10.6817998 53.8664505)";538.664.505;106.817.998
278;6155;Hemdraum Inh.Michael Weiß;clothing_store;24;0.03968253968253968250;0.482954102767534;0.522636642450074;"SRID=4326;POINT(10.6832294 53.8662278)";538.662.278;106.832.294
279;6159;Hemdraum;clothing_store;24;0.01984126984126984130;0.483903572490655;0.503744842331925;"SRID=4326;POINT(10.6833245 53.8661778)";538.661.778;106.833.245
280;6170;Foot Locker;clothing_store;24;166.666.666.666.666.000.000;0.457598198357262;212.426.486.502.393;"SRID=4326;POINT(10.6834575 53.8664556)";538.664.556;106.834.575
281;6179;Albers & Höpfner GmbH Lübeck;clothing_store;24;0.81349206349206349210;0.678962244693048;149.245.430.818.511;"SRID=4326;POINT(10.6845639 53.8663244)";538.663.244;106.845.639
282;6188;Pretty Woman;clothing_store;24;0.23809523809523809520;149.629.809.815.469;173.439.333.624.992;"SRID=4326;POINT(10.6277526 53.8583183)";538.583.183;106.277.526
283;6189;H&M;clothing_store;24;478.174.603.174.603.000.000;120.022.081.099.697;5.981.966.842.743;"SRID=4326;POINT(10.6283139 53.8584143)";538.584.143;106.283.139
284;6191;Street One Lübeck Jens Petersen GmbH;clothing_store;24;0.35714285714285714290;223.950.512.859.348;259.664.798.573.634;"SRID=4326;POINT(10.628295 53.8583865)";538.583.865;10.628.295
285;6192;Skandico Kids;clothing_store;24;150.793.650.793.650.000.000;15.353.164.404.776;304.325.294.841.411;"SRID=4326;POINT(10.6282501 53.8583596)";538.583.596;106.282.501
286;6195;Marc O'Polo Store Lübeck;clothing_store;24;0.73412698412698412700;109.365.251.113.271;116.706.520.954.541;"SRID=4326;POINT(10.6276672 53.8582302)";538.582.302;106.276.672
287;6203;Wellensteyn Travemünde;clothing_store;24;0.75396825396825396830;0.0396601036262817;0.793628357594536;"SRID=4326;POINT(10.8691666 53.9566667)";539.566.667;108.691.666
288;6209;Gerda Limburg;clothing_store;24;0.01984126984126984130;0.0732769267566562;0.093118196597926;"SRID=4326;POINT(10.8693042 53.9568781)";539.568.781;108.693.042
289;6244;REWE;supermarket;18;507.286.606.523.247.000.000;0.0178921646960476;509.075.822.992.853;"SRID=4326;POINT(10.8608921 53.9576622)";539.576.622;108.608.921
290;6260;Schiesser Outlet;clothing_store;24;0.39682539682539682540;0.0132431700092051;0.410068566834602;"SRID=4326;POINT(10.8652986 53.9557957)";539.557.957;108.652.986
291;6386;JOLIE BRAUT- UND ABENDMODEN;clothing_store;24;0.61507936507936507940;0.249455068846423;0.864534433925788;"SRID=4326;POINT(10.6861128 53.8640825)";538.640.825;106.861.128
292;6442;KULT;clothing_store;24;250.000.000.000.000.000.000;0.374734130601932;287.473.413.060.193;"SRID=4326;POINT(10.6853299 53.8649881)";538.649.881;106.853.299
293;6462;KIK Modemarkt;clothing_store;24;0.01984126984126984130;0.112099539996233;0.131940809837503;"SRID=4326;POINT(10.6722021 53.8676288)";538.676.288;106.722.021
294;6466;KiK Lübeck;clothing_store;24;238.095.238.095.238.000.000;0.0298916166822527;241.084.399.763.463;"SRID=4326;POINT(10.6726307 53.867602)";53.867.602;106.726.307
295;6479;EDEKA Hauptbahnhof Lübeck;supermarket;18;0.05551700208188757810;0.364662122726045;0.420179124807933;"SRID=4326;POINT(10.6707238 53.8672445)";538.672.445;106.707.238
296;6482;engbers / emilio adani;clothing_store;24;125.000.000.000.000.000.000;0.672846832625953;192.284.683.262.595;"SRID=4326;POINT(10.6287178 53.8585077)";538.585.077;106.287.178
297;6515;KiK Lübeck Kücknitz;clothing_store;24;0.95238095238095238100;0.00329714255754662;0.955678094938499;"SRID=4326;POINT(10.8044802 53.912666)";53.912.666;108.044.802
298;6531;EDEKA Merchel;supermarket;18;444.829.979.181.124.000.000;0.0131859380583967;446.148.572.986.964;"SRID=4326;POINT(10.6997222 53.8533333)";538.533.333;106.997.222
299;6627;denn's Biomarkt;supermarket;18;0.12491325468424705070;0.166976233389818;0.291889488074066;"SRID=4326;POINT(10.7201859 53.8646465)";538.646.465;107.201.859
300;6643;Herzog & Bräuer Citti-Park Lübeck;clothing_store;24;0.25793650793650793650;0.782420157857377;104.035.666.579.388;"SRID=4326;POINT(10.6273793 53.8583925)";538.583.925;106.273.793
301;6658;Ernsting's family;clothing_store;24;0.35714285714285714290;0.732861660632681;109.000.451.777.554;"SRID=4326;POINT(10.6276532 53.8585648)";538.585.648;106.276.532
302;6659;COLLOSEUM Store Lübeck;clothing_store;24;325.396.825.396.825.000.000;0.979867488650763;423.383.574.261.902;"SRID=4326;POINT(10.6279594 53.8584053)";538.584.053;106.279.594
303;6661;Netto Filiale;supermarket;18;191.533.657.182.512.000.000;0.148439105280022;206.377.567.710.514;"SRID=4326;POINT(10.7222891 53.8655564)";538.655.564;107.222.891
304;6671;PENNY;supermarket;18;218.598.195.697.432.000.000;0.138699007238824;232.468.096.421.315;"SRID=4326;POINT(10.7206972 53.8658333)";538.658.333;107.206.972
305;6673;ALDI Lübeck-Marli;supermarket;18;281.748.785.565.579.000.000;0.123927533809111;294.141.538.946.491;"SRID=4326;POINT(10.7220233 53.8668458)";538.668.458;107.220.233
306;6706;PENNY;supermarket;18;183.900.069.396.252.000.000;0.0121366999392144;185.113.739.390.174;"SRID=4326;POINT(10.649844 53.8893336)";538.893.336;10.649.844
307;6725;sky-Supermarkt;supermarket;18;504.510.756.419.153.000.000;0.120720310562773;516.582.787.475.431;"SRID=4326;POINT(10.7206476 53.8668983)";538.668.983;107.206.476
308;6729;Der Silberladen;clothing_store;24;0.01984126984126984130;0.0092031805744763;0.0290444504157461;"SRID=4326;POINT(10.7195958 53.8667346)";538.667.346;107.195.958
309;6734;Ernsting's family;clothing_store;24;0.09920634920634920630;0.00906184130918993;0.108268190515539;"SRID=4326;POINT(10.7206409 53.867201)";53.867.201;107.206.409
310;6782;Wollywood;clothing_store;24;0.05952380952380952380;0.242334674741085;0.301858484264895;"SRID=4326;POINT(10.6905348 53.8675335)";538.675.335;106.905.348
311;6789;Cyroline e.K. Inhaber Sven Diestelow;clothing_store;24;0.07936507936507936510;0.367217161832356;0.446582241197435;"SRID=4326;POINT(10.6895212 53.8667532)";538.667.532;106.895.212
312;6793;Cyroline Lübeck;clothing_store;24;0.91269841269841269840;0.328753291206028;124.145.170.390.444;"SRID=4326;POINT(10.6894257 53.8666474)";538.666.474;106.894.257
313;6803;Fritid, Inhaberin Friederike Grasse e.K.;clothing_store;24;0.03968253968253968250;0.0247860388186849;0.0644685785012245;"SRID=4326;POINT(10.8668797 53.9564869)";539.564.869;108.668.797
314;6805;Käthe Oldörp & Co.;supermarket;18;0.01387925052047189450;0.134874502833607;0.148753753354079;"SRID=4326;POINT(10.86696 53.9566)";539.566;1.086.696
315;6812;bugatti Store - Travemünde;clothing_store;24;0.01984126984126984130;0.0315660511008009;0.0514073209420708;"SRID=4326;POINT(10.8677948 53.9565609)";539.565.609;108.677.948
316;6856;Trekking König Outlet;clothing_store;24;0.33730158730158730160;0.361069096437104;0.698370683738692;"SRID=4326;POINT(10.688575 53.8689964)";538.689.964;10.688.575
317;6857;Parfümerie Schuback;clothing_store;24;0.01984126984126984130;0.443138403978287;0.462979673819557;"SRID=4326;POINT(10.6881872 53.8676039)";538.676.039;106.881.872
318;6864;Ernsting's family;clothing_store;24;0.11904761904761904760;0.150308267654647;0.269355886702266;"SRID=4326;POINT(10.672428 53.8675171)";538.675.171;10.672.428
319;6882;Torkuhl C.G.;clothing_store;24;0.17857142857142857140;0.175058827400764;0.353630255972192;"SRID=4326;POINT(10.68682 53.8633587)";538.633.587;1.068.682
320;6895;Oxfam Shop Lübeck;clothing_store;24;0.45634920634920634920;0.244527995582388;0.700877201931594;"SRID=4326;POINT(10.686563 53.864041)";53.864.041;10.686.563
321;6974;Seaside No. 64;clothing_store;24;0.09920634920634920630;0.060154235527539;0.159360584733888;"SRID=4326;POINT(10.8722035 53.958547)";53.958.547;108.722.035
322;6980;DRESS UP Travemünde;clothing_store;24;0.13888888888888888890;0.0748019274619979;0.213690816350887;"SRID=4326;POINT(10.87252 53.95873)";5.395.873;1.087.252
323;7068;REWE Center;supermarket;18;1.000.000.000.000.000.000.000;0.389946532089468;103.899.465.320.895;"SRID=4326;POINT(10.6343871 53.8540298)";538.540.298;106.343.871
324;7082;Adler Modemärkte AG;clothing_store;24;194.444.444.444.444.000.000;0.0400874289661222;198.453.187.341.057;"SRID=4326;POINT(10.6355542 53.8545891)";538.545.891;106.355.542
325;7084;TAKKO FASHION Lübeck;clothing_store;24;0.93253968253968253970;0.0381898228689226;0.970729505408605;"SRID=4326;POINT(10.6353078 53.8534659)";538.534.659;106.353.078
326;7085;Ernsting's family;clothing_store;24;0.31746031746031746030;0.0494821633553204;0.366942480815638;"SRID=4326;POINT(10.6365437 53.8543985)";538.543.985;106.365.437
327;7090;CB Outlet;clothing_store;24;761.904.761.904.761.000.000;0.0954317256268981;771.447.934.467.452;"SRID=4326;POINT(10.6315053 53.8549328)";538.549.328;106.315.053
328;7102;Das Brauthaus Lübeck;clothing_store;24;0.33730158730158730160;0.401432719991325;0.738734307292912;"SRID=4326;POINT(10.6850491 53.868401)";53.868.401;106.850.491
329;7133;Peek & Cloppenburg;clothing_store;24;1.000.000.000.000.000.000.000;0.429839714343868;104.298.397.143.439;"SRID=4326;POINT(10.6843068 53.866674)";53.866.674;106.843.068
330;7142;AMOCS Armyshop Lübeck;clothing_store;24;623.015.873.015.873.000.000;0.233744311219269;6.463.903.041.378;"SRID=4326;POINT(10.6836525 53.8694748)";538.694.748;106.836.525
331;7258;elfenfels;clothing_store;24;0.07936507936507936510;0.148250512593381;0.22761559195846;"SRID=4326;POINT(10.6906279 53.8641259)";538.641.259;106.906.279
332;7285;star Tankstelle;supermarket;18;0.09021512838306731440;0.0106988414215829;0.10091396980465;"SRID=4326;POINT(10.6773396 53.8486943)";538.486.943;106.773.396
333;7341;C&A;clothing_store;24;394.841.269.841.269.000.000;0.271944867077028;422.035.756.548.973;"SRID=4326;POINT(10.7358146 53.9127484)";539.127.484;107.358.146
334;7352;SPIELE MAX GmbH;clothing_store;24;0.49603174603174603170;172.299.786.492.392;221.902.961.095.567;"SRID=4326;POINT(10.7342481 53.9121871)";539.121.871;107.342.481
335;7357;McTREK Outdoor Sports;clothing_store;24;0.91269841269841269840;381.582.351.878.614;472.852.193.148.455;"SRID=4326;POINT(10.7342189 53.9121829)";539.121.829;107.342.189
336;7378;Lady Singh Damenmode;clothing_store;24;0.05952380952380952380;0.066401049939691;0.125924859463501;"SRID=4326;POINT(10.8689314 53.9565958)";539.565.958;108.689.314
337;7389;Modemacher / Biofriseur Fraj;clothing_store;24;0.11904761904761904760;0.0359208933537095;0.154968512401329;"SRID=4326;POINT(10.6902369 53.872394)";53.872.394;106.902.369
338;7396;Philipp R. Starke;clothing_store;24;0.05952380952380952380;0.045874746015425;0.105398555539235;"SRID=4326;POINT(10.690602 53.872114)";53.872.114;10.690.602
339;7450;BONITA;clothing_store;24;0.07936507936507936510;0.0507754408079031;0.130140520172982;"SRID=4326;POINT(10.6899915 53.831921)";53.831.921;106.899.915
340;7600;INTERSPORT PROFIMARKT;clothing_store;24;488.095.238.095.238.000.000;111.768.728.251.787;599.863.966.347.025;"SRID=4326;POINT(10.6284012 53.8583486)";538.583.486;106.284.012
341;7624;EDEKA Martens;supermarket;18;190.145.732.130.464.000.000;0.0329511951766968;193.440.851.648.135;"SRID=4326;POINT(10.7314797 53.9124371)";539.124.371;107.314.797
342;7632;Ernsting's family;clothing_store;24;0.27777777777777777780;0.130569337777268;0.408347115555046;"SRID=4326;POINT(10.7324509 53.9120237)";539.120.237;107.324.509
343;7640;T-Shirt-Total im LUV;clothing_store;24;0.71428571428571428570;0.612168982817858;132.645.469.710.357;"SRID=4326;POINT(10.7340563 53.9121399)";539.121.399;107.340.563
344;7665;Netto City Filiale;supermarket;18;215.822.345.593.337.000.000;0.0490288682231428;220.725.232.415.652;"SRID=4326;POINT(10.6666247 53.8734329)";538.734.329;106.666.247
345;7698;Parfümerie Schuback;clothing_store;24;0.33730158730158730160;415.967.682.801.176;449.697.841.531.334;"SRID=4326;POINT(10.628448 53.85787)";5.385.787;10.628.448
346;7705;Jeans Fritz;clothing_store;24;0.91269841269841269840;107.936.679.663.412;117.063.663.790.396;"SRID=4326;POINT(10.6276672 53.8582302)";538.582.302;106.276.672
347;7717;Gina Laura;clothing_store;24;0.31746031746031746030;406.241.074.036.808;43.798.710.578.284;"SRID=4326;POINT(10.6282081 53.8578249)";538.578.249;106.282.081
348;7732;Smyths Toys Superstores;clothing_store;24;0.31746031746031746030;406.241.074.036.808;43.798.710.578.284;"SRID=4326;POINT(10.6282081 53.8578249)";538.578.249;106.282.081
349;7766;Max Schön GmbH - Verwaltung -;clothing_store;24;0.01984126984126984130;0.0184437703040073;0.0382850401452771;"SRID=4326;POINT(10.6691468 53.8436612)";538.436.612;106.691.468
350;7787;ALDI;supermarket;18;152.671.755.725.190.000.000;0.0731670516980558;159.988.460.894.996;"SRID=4326;POINT(10.8601624 53.9631737)";539.631.737;108.601.624
351;7793;E neukauf Payk;supermarket;18;213.740.458.015.267.000.000;0.0559241174099343;219.332.869.756.261;"SRID=4326;POINT(10.8600035 53.9636284)";539.636.284;108.600.035
352;7796;Netto Filiale;supermarket;18;177.654.406.662.040.000.000;0.0429187969447245;181.946.286.356.513;"SRID=4326;POINT(10.8583936 53.9632274)";539.632.274;108.583.936
353;7861;Alnatura;supermarket;18;0.71478140180430256770;0.119233751556071;0.834015153360374;"SRID=4326;POINT(10.6896699 53.8320542)";538.320.542;106.896.699
354;7877;Ernsting's family;clothing_store;24;0.31746031746031746030;0.0349780712566538;0.352438388716971;"SRID=4326;POINT(10.6906865 53.831863)";53.831.863;106.906.865
355;7878;ALDI;supermarket;18;163.775.156.141.568.000.000;0.0782435458683855;171.599.510.728.407;"SRID=4326;POINT(10.6898149 53.8324973)";538.324.973;106.898.149
